date,price,btc_pc,abs_btc_pc
8/2/17,2690.145672,-0.013655371,0.013655371
8/3/17,2789.746312,0.037024255,0.037024255
8/4/17,2860.272843,0.025280625,0.025280625
8/5/17,3237.423363,0.131858232,0.131858232
8/6/17,3230.116709,-0.002256935,0.002256935
8/7/17,3392.562419,0.050290972,0.050290972
8/8/17,3425.676617,0.009760822,0.009760822
8/9/17,3347.215432,-0.02290385,0.02290385
8/10/17,3437.032155,0.026833267,0.026833267
8/11/17,3660.520537,0.065023652,0.065023652
8/12/17,3871.082406,0.057522384,0.057522384
8/13/17,4063.801053,0.049784176,0.049784176
8/14/17,4304.603931,0.059255578,0.059255578
8/15/17,4160.030546,-0.033585758,0.033585758
8/16/17,4364.678575,0.049193876,0.049193876
8/17/17,4308.516861,-0.012867319,0.012867319
8/18/17,4108.507162,-0.046421937,0.046421937
8/19/17,4160.332457,0.012614142,0.012614142
8/20/17,4085.810394,-0.017912526,0.017912526
8/21/17,3992.626035,-0.022806824,0.022806824
8/22/17,4074.330461,0.020463831,0.020463831
8/23/17,4146.915345,0.017815169,0.017815169
8/24/17,4325.816428,0.043140761,0.043140761
8/25/17,4353.131773,0.006314495,0.006314495
8/26/17,4341.978717,-0.002562076,0.002562076
8/27/17,4344.903445,0.000673593,0.000673593
8/28/17,4379.763921,0.008023303,0.008023303
8/29/17,4600.456831,0.050389225,0.050389225
8/30/17,4586.632737,-0.003004939,0.003004939
8/31/17,4740.356218,0.033515542,0.033515542
9/1/17,4918.166245,0.037509845,0.037509845
9/2/17,4595.020018,-0.065704617,0.065704617
9/3/17,4625.296314,0.006588937,0.006588937
9/4/17,4374.753496,-0.05416795,0.05416795
9/5/17,4454.052538,0.018126516,0.018126516
9/6/17,4607.51653,0.034454913,0.034454913
9/7/17,4635.111876,0.005989202,0.005989202
9/8/17,4345.457656,-0.062491311,0.062491311
9/9/17,4335.59345,-0.002270004,0.002270004
9/10/17,4261.843521,-0.017010342,0.017010342
9/11/17,4212.547573,-0.011566813,0.011566813
9/12/17,4164.319434,-0.011448687,0.011448687
9/13/17,3887.118587,-0.066565702,0.066565702
9/14/17,3247.468739,-0.164556299,0.164556299
9/15/17,3699.222944,0.139109639,0.139109639
9/16/17,3711.234351,0.003247008,0.003247008
9/17/17,3711.856204,0.00016756,0.00016756
9/18/17,4080.428443,0.099295937,0.099295937
9/19/17,3925.73619,-0.037910787,0.037910787
9/20/17,3895.777079,-0.007631463,0.007631463
9/21/17,3617.243466,-0.071496291,0.071496291
9/22/17,3619.213718,0.000544683,0.000544683
9/23/17,3775.600594,0.04321018,0.04321018
9/24/17,3676.896944,-0.026142503,0.026142503
9/25/17,3918.738071,0.065773159,0.065773159
9/26/17,3890.090937,-0.007310296,0.007310296
9/27/17,4207.787485,0.081668155,0.081668155
9/28/17,4187.769796,-0.004757296,0.004757296
9/29/17,4155.01012,-0.007822702,0.007822702
9/30/17,4334.544613,0.043209159,0.043209159
10/1/17,4382.086898,0.010968231,0.010968231
10/2/17,4386.875715,0.001092817,0.001092817
10/3/17,4306.564642,-0.018307123,0.018307123
10/4/17,4216.684821,-0.020870422,0.020870422
10/5/17,4319.420916,0.024364186,0.024364186
10/6/17,4365.91571,0.010764127,0.010764127
10/7/17,4438.855933,0.016706741,0.016706741
10/8/17,4600.739797,0.036469727,0.036469727
10/9/17,4777.534657,0.038427485,0.038427485
10/10/17,4741.077915,-0.007630869,0.007630869
10/11/17,4814.967118,0.015584895,0.015584895
10/12/17,5393.668983,0.120188124,0.120188124
10/13/17,5614.077515,0.040864305,0.040864305
10/14/17,5785.738315,0.030576849,0.030576849
10/15/17,5689.86506,-0.016570617,0.016570617
10/16/17,5756.148812,0.011649442,0.011649442
10/17/17,5590.416324,-0.028792252,0.028792252
10/18/17,5583.870426,-0.001170914,0.001170914
10/19/17,5708.312991,0.022286077,0.022286077
10/20/17,6000.88313,0.051253346,0.051253346
10/21/17,6030.207893,0.004886741,0.004886741
10/22/17,5996.598139,-0.005573565,0.005573565
10/23/17,5888.250017,-0.018068265,0.018068265
10/24/17,5517.775353,-0.062917618,0.062917618
10/25/17,5736.017802,0.039552616,0.039552616
10/26/17,5900.317729,0.028643553,0.028643553
10/27/17,5771.945046,-0.02175691,0.02175691
10/28/17,5762.388577,-0.001655676,0.001655676
10/29/17,6174.728845,0.071557178,0.071557178
10/30/17,6119.256384,-0.008983789,0.008983789
10/31/17,6428.514637,0.050538535,0.050538535
11/1/17,6726.411835,0.046339973,0.046339973
11/2/17,7043.777939,0.04718208,0.04718208
11/3/17,7198.632111,0.021984533,0.021984533
11/4/17,7420.498079,0.030820573,0.030820573
11/5/17,7371.13903,-0.006651716,0.006651716
11/6/17,6985.263844,-0.052349465,0.052349465
11/7/17,7118.202544,0.019031307,0.019031307
11/8/17,7451.212787,0.046782912,0.046782912
11/9/17,7117.73805,-0.044754424,0.044754424
11/10/17,6620.567336,-0.069849538,0.069849538
11/11/17,6346.721449,-0.041362903,0.041362903
11/12/17,5829.097828,-0.08155764,0.08155764
11/13/17,6519.445172,0.11843125,0.11843125
11/14/17,6592.374397,0.011186416,0.011186416
11/15/17,7257.373212,0.100873945,0.100873945
11/16/17,7833.704433,0.079413199,0.079413199
11/17/17,7729.03327,-0.013361643,0.013361643
11/18/17,7796.154241,0.008684265,0.008684265
11/19/17,8018.320688,0.028496928,0.028496928
11/20/17,8269.874257,0.031372351,0.031372351
11/21/17,8091.998084,-0.021508933,0.021508933
11/22/17,8249.59733,0.019475937,0.019475937
11/23/17,8071.669821,-0.021568023,0.021568023
11/24/17,8232.422333,0.019915645,0.019915645
11/25/17,8760.165442,0.064105446,0.064105446
11/26/17,9319.903315,0.063895811,0.063895811
11/27/17,9730.728579,0.044080421,0.044080421
11/28/17,9932.19418,0.020704061,0.020704061
11/29/17,9800.027552,-0.013306891,0.013306891
11/30/17,9996.714972,0.020070088,0.020070088
12/1/17,10808.95833,0.081251027,0.081251027
12/2/17,10934.85999,0.011647899,0.011647899
12/3/17,11213.94266,0.02552229,0.02552229
12/4/17,11562.12857,0.031049375,0.031049375
12/5/17,11736.75407,0.015103231,0.015103231
12/6/17,13992.13234,0.192163716,0.192163716
12/7/17,17032.29338,0.217276464,0.217276464
12/8/17,16298.48734,-0.04308322,0.04308322
12/9/17,15050.02195,-0.076600077,0.076600077
12/10/17,15474.99954,0.028237672,0.028237672
12/11/17,16873.49778,0.090371456,0.090371456
12/12/17,17433.93074,0.033213798,0.033213798
12/13/17,16515.15257,-0.052700575,0.052700575
12/14/17,16602.8928,0.005312711,0.005312711
12/15/17,17702.00217,0.066199871,0.066199871
12/16/17,19640.51388,0.109508048,0.109508048
12/17/17,19250.46765,-0.019859268,0.019859268
12/18/17,18982.02502,-0.013944733,0.013944733
12/19/17,17653.32609,-0.069997744,0.069997744
12/20/17,16453.62726,-0.067958798,0.067958798
12/21/17,15633.83365,-0.049824491,0.049824491
12/22/17,14305.71834,-0.084951352,0.084951352
12/23/17,14910.8581,0.042300551,0.042300551
12/24/17,14026.34687,-0.059319942,0.059319942
12/25/17,14080.94226,0.003892346,0.003892346
12/26/17,15727.14548,0.116910018,0.116910018
12/27/17,15389.00057,-0.021500717,0.021500717
12/28/17,14289.45221,-0.071450278,0.071450278
12/29/17,14571.74608,0.019755402,0.019755402
12/30/17,12948.71588,-0.111381998,0.111381998
12/31/17,13921.48064,0.075124419,0.075124419
1/1/18,13464.65361,-0.032814543,0.032814543
1/2/18,14754.3222,0.095781788,0.095781788
1/3/18,15010.28616,0.017348405,0.017348405
1/4/18,15070.3008,0.003998234,0.003998234
1/5/18,16997.22741,0.127862518,0.127862518
1/6/18,17103.58928,0.006257601,0.006257601
1/7/18,16231.695,-0.05097727,0.05097727
1/8/18,14937.41509,-0.079737816,0.079737816
1/9/18,14378.58622,-0.037411351,0.037411351
1/10/18,14669.08827,0.020203798,0.020203798
1/11/18,13186.75494,-0.101051497,0.101051497
1/12/18,13789.44366,0.045704097,0.045704097
1/13/18,14231.22506,0.032037652,0.032037652
1/14/18,13681.06546,-0.038658626,0.038658626
1/15/18,13591.6962,-0.006532332,0.006532332
1/16/18,11431.04011,-0.158968834,0.158968834
1/17/18,11159.60859,-0.023745128,0.023745128
1/18/18,11246.03973,0.007744997,0.007744997
1/19/18,11440.25556,0.017269709,0.017269709
1/20/18,12768.40459,0.116094349,0.116094349
1/21/18,11422.39426,-0.105417268,0.105417268
1/22/18,10737.35058,-0.059973738,0.059973738
1/23/18,10849.39188,0.010434725,0.010434725
1/24/18,11225.89617,0.034702802,0.034702802
1/25/18,11130.46495,-0.00850099,0.00850099
1/26/18,11035.55461,-0.008527078,0.008527078
1/27/18,11320.97019,0.025863274,0.025863274
1/28/18,11615.95871,0.026056824,0.026056824
1/29/18,11132.55431,-0.04161554,0.04161554
1/30/18,9959.546715,-0.105367337,0.105367337
1/31/18,10050.0958,0.009091687,0.009091687
2/1/18,9039.865075,-0.100519512,0.100519512
2/2/18,8786.07738,-0.028074279,0.028074279
2/3/18,9132.100322,0.039383098,0.039383098
2/4/18,8250.526896,-0.09653567,0.09653567
2/5/18,6849.542559,-0.169805438,0.169805438
2/6/18,7738.64396,0.129804493,0.129804493
2/7/18,7624.59539,-0.014737539,0.014737539
2/8/18,8218.580852,0.077903867,0.077903867
2/9/18,8660.453468,0.053765075,0.053765075
2/10/18,8530.292805,-0.015029313,0.015029313
2/11/18,8096.728481,-0.050826429,0.050826429
2/12/18,8907.670179,0.100156711,0.100156711
2/13/18,8523.966932,-0.043075601,0.043075601
2/14/18,9467.301033,0.110668437,0.110668437
2/15/18,10106.73308,0.067541113,0.067541113
2/16/18,10189.31648,0.008171127,0.008171127
2/17/18,11085.59841,0.08796291,0.08796291
2/18/18,10452.09198,-0.057146797,0.057146797
2/19/18,11139.35573,0.065753703,0.065753703
2/20/18,11245.93232,0.009567572,0.009567572
2/21/18,10458.86509,-0.069986837,0.069986837
2/22/18,9878.158943,-0.055522864,0.055522864
2/23/18,10159.06561,0.028437148,0.028437148
2/24/18,9686.60178,-0.046506623,0.046506623
2/25/18,9603.227477,-0.008607178,0.008607178
2/26/18,10312.36571,0.07384374,0.07384374
2/27/18,10654.10729,0.033139009,0.033139009
2/28/18,10307.02497,-0.032577326,0.032577326
3/1/18,10923.63086,0.059823848,0.059823848
3/2/18,11014.05847,0.008278164,0.008278164
3/3/18,11425.68057,0.037372427,0.037372427
3/4/18,11462.5832,0.003229797,0.003229797
3/5/18,11540.66232,0.006811652,0.006811652
3/6/18,10677.03523,-0.074833408,0.074833408
3/7/18,9903.085049,-0.072487368,0.072487368
3/8/18,9330.475453,-0.057821335,0.057821335
3/9/18,9278.139184,-0.005609175,0.005609175
3/10/18,8786.560423,-0.052982473,0.052982473
3/11/18,9513.5354,0.082737151,0.082737151
3/12/18,9147.890181,-0.03843421,0.03843421
3/13/18,9160.542933,0.001383133,0.001383133
3/14/18,8222.127239,-0.102441056,0.102441056
3/15/18,8268.589122,0.005650835,0.005650835
3/16/18,8376.904498,0.01309962,0.01309962
3/17/18,7881.661921,-0.059119998,0.059119998
3/18/18,8189.016719,0.038996192,0.038996192
3/19/18,8537.015623,0.042495811,0.042495811
3/20/18,8895.547179,0.041997294,0.041997294
3/21/18,8879.594257,-0.00179336,0.00179336
3/22/18,8710.664935,-0.019024441,0.019024441
3/23/18,8771.746323,0.007012253,0.007012253
3/24/18,8610.988516,-0.018326773,0.018326773
3/25/18,8440.610923,-0.019786067,0.019786067
3/26/18,8171.184354,-0.031920269,0.031920269
3/27/18,7837.265319,-0.040865439,0.040865439
3/28/18,7933.64273,0.012297326,0.012297326
3/29/18,7108.570813,-0.103996606,0.103996606
3/30/18,6832.149066,-0.038885699,0.038885699
3/31/18,6922.281297,0.013192369,0.013192369
4/1/18,6804.524879,-0.017011215,0.017011215
4/2/18,7033.25961,0.033615092,0.033615092
4/3/18,7420.800515,0.05510118,0.05510118
4/4/18,6780.543601,-0.086278686,0.086278686
4/5/18,6798.422617,0.002636811,0.002636811
4/6/18,6610.49235,-0.027643216,0.027643216
4/7/18,6886.469472,0.041748346,0.041748346
4/8/18,7009.996104,0.017937585,0.017937585
4/9/18,6736.892824,-0.03895912,0.03895912
4/10/18,6816.718615,0.011849052,0.011849052
4/11/18,6944.785857,0.018787227,0.018787227
4/12/18,7904.330275,0.138167603,0.138167603
4/13/18,7919.064695,0.001864095,0.001864095
4/14/18,8006.417943,0.011030753,0.011030753
4/15/18,8342.271101,0.041947992,0.041947992
4/16/18,8046.982134,-0.035396712,0.035396712
4/17/18,7887.737958,-0.019789304,0.019789304
4/18/18,8162.834862,0.034876527,0.034876527
4/19/18,8272.967316,0.013491937,0.013491937
4/20/18,8839.501132,0.068480123,0.068480123
4/21/18,8863.540829,0.002719576,0.002719576
4/22/18,8800.959087,-0.00706058,0.00706058
4/23/18,8930.784634,0.014751295,0.014751295
4/24/18,9652.213789,0.080780042,0.080780042
4/25/18,8855.508937,-0.082541153,0.082541153
4/26/18,9264.727427,0.046210612,0.046210612
4/27/18,8981.33079,-0.030588772,0.030588772
4/28/18,9341.824685,0.040138138,0.040138138
4/29/18,9396.99763,0.005906014,0.005906014
4/30/18,9228.726484,-0.017906905,0.017906905
5/1/18,9072.168757,-0.016964174,0.016964174
5/2/18,9204.127641,0.014545462,0.014545462
5/3/18,9750.700146,0.059383412,0.059383412
5/4/18,9696.64291,-0.005543934,0.005543934
5/5/18,9795.925772,0.01023889,0.01023889
5/6/18,9595.086819,-0.020502294,0.020502294
5/7/18,9339.510847,-0.026636129,0.026636129
5/8/18,9212.369635,-0.013613262,0.013613262
5/9/18,9293.042274,0.008756991,0.008756991
5/10/18,9037.530509,-0.027494953,0.027494953
5/11/18,8419.758587,-0.068356275,0.068356275
5/12/18,8485.775267,0.007840686,0.007840686
5/13/18,8695.833094,0.024754111,0.024754111
5/14/18,8671.074175,-0.002847216,0.002847216
5/15/18,8488.463421,-0.021059761,0.021059761
5/16/18,8327.756201,-0.018932428,0.018932428
5/17/18,8050.516239,-0.033291076,0.033291076
5/18/18,8233.086455,0.022678076,0.022678076
5/19/18,8229.482936,-0.000437688,0.000437688
5/20/18,8511.44883,0.034262893,0.034262893
5/21/18,8398.623127,-0.013255758,0.013255758
5/22/18,8007.526532,-0.046566751,0.046566751
5/23/18,7520.867679,-0.060775178,0.060775178
5/24/18,7575.624486,0.00728065,0.00728065
5/25/18,7425.375674,-0.019833192,0.019833192
5/26/18,7326.303186,-0.013342421,0.013342421
5/27/18,7338.193044,0.0016229,0.0016229
5/28/18,7110.823882,-0.030984353,0.030984353
5/29/18,7453.633725,0.048209581,0.048209581
5/30/18,7374.669049,-0.010594118,0.010594118
5/31/18,7478.741867,0.014112202,0.014112202
6/1/18,7519.835737,0.005494757,0.005494757
6/2/18,7637.448253,0.015640304,0.015640304
6/3/18,7702.157933,0.008472683,0.008472683
6/4/18,7486.6532,-0.027979786,0.027979786
6/5/18,7611.149853,0.016629147,0.016629147
6/6/18,7650.775807,0.005206303,0.005206303
6/7/18,7665.947896,0.001983079,0.001983079
6/8/18,7622.60233,-0.0056543,0.0056543
6/9/18,7556.171698,-0.008714954,0.008714954
6/10/18,6744.735801,-0.10738717,0.10738717
6/11/18,6849.452687,0.015525721,0.015525721
6/12/18,6526.69968,-0.047120992,0.047120992
6/13/18,6306.513168,-0.033736271,0.033736271
6/14/18,6629.770124,0.051257636,0.051257636
6/15/18,6399.674046,-0.034706494,0.034706494
6/16/18,6495.315309,0.014944708,0.014944708
6/17/18,6450.693973,-0.006869772,0.006869772
6/18/18,6703.81259,0.039238975,0.039238975
6/19/18,6732.508809,0.004280582,0.004280582
6/20/18,6753.206826,0.003074339,0.003074339
6/21/18,6720.373234,-0.004861926,0.004861926
6/22/18,6059.575859,-0.098327482,0.098327482
6/23/18,6174.225779,0.018920453,0.018920453
6/24/18,6146.487195,-0.004492642,0.004492642
6/25/18,6243.535441,0.015789221,0.015789221
6/26/18,6096.128766,-0.023609488,0.023609488
6/27/18,6139.189683,0.00706365,0.00706365
6/28/18,5858.635778,-0.045698849,0.045698849
6/29/18,6220.913715,0.061836569,0.061836569
6/30/18,6375.541231,0.024856078,0.024856078
7/1/18,6361.402539,-0.002217646,0.002217646
7/2/18,6608.367157,0.038822354,0.038822354
7/3/18,6498.307859,-0.016654537,0.016654537
7/4/18,6579.333376,0.01246871,0.01246871
7/5/18,6535.298403,-0.006692923,0.006692923
7/6/18,6598.459096,0.009664546,0.009664546
7/7/18,6737.85608,0.021125687,0.021125687
7/8/18,6704.91998,-0.004888217,0.004888217
7/9/18,6664.024094,-0.006099385,0.006099385
7/10/18,6309.084004,-0.053262126,0.053262126
7/11/18,6377.976511,0.010919574,0.010919574
7/12/18,6159.466676,-0.034260056,0.034260056
7/13/18,6208.985572,0.008039478,0.008039478
7/14/18,6255.112479,0.007429057,0.007429057
7/15/18,6347.604274,0.014786592,0.014786592
7/16/18,6710.807437,0.057218936,0.057218936
7/17/18,7320.594828,0.090866471,0.090866471
7/18/18,7376.038339,0.007573635,0.007573635
7/19/18,7467.034298,0.012336698,0.012336698
7/20/18,7327.256683,-0.018719295,0.018719295
7/21/18,7410.56562,0.011369731,0.011369731
7/22/18,7399.483747,-0.001495415,0.001495415
7/23/18,7716.158627,0.042796888,0.042796888
7/24/18,8397.616522,0.088315693,0.088315693
7/25/18,8202.720395,-0.023208505,0.023208505
7/26/18,7913.930778,-0.035206566,0.035206566
7/27/18,8173.774611,0.032833726,0.032833726
7/28/18,8190.360057,0.002029105,0.002029105
7/29/18,8229.605839,0.004791704,0.004791704
7/30/18,8171.839519,-0.00701933,0.00701933
7/31/18,7725.133036,-0.054664128,0.054664128
8/1/18,7596.698012,-0.016625607,0.016625607
8/2/18,7542.694662,-0.007108793,0.007108793
8/3/18,7411.34425,-0.017414255,0.017414255
8/4/18,7002.208653,-0.055203966,0.055203966
8/5/18,7031.587751,0.00419569,0.00419569
8/6/18,6929.990894,-0.014448637,0.014448637
8/7/18,6722.578433,-0.029929687,0.029929687
8/8/18,6267.388674,-0.067710591,0.067710591
8/9/18,6558.096908,0.046384268,0.046384268
8/10/18,6135.751859,-0.06440055,0.06440055
8/11/18,6313.749312,0.029009885,0.029009885
8/12/18,6314.691656,0.000149253,0.000149253
8/13/18,6265.848044,-0.007734916,0.007734916
8/14/18,6184.829086,-0.012930246,0.012930246
8/15/18,6270.214799,0.013805671,0.013805671
8/16/18,6290.750455,0.003275112,0.003275112
8/17/18,6563.078289,0.043290198,0.043290198
8/18/18,6399.287447,-0.024956405,0.024956405
8/19/18,6490.716127,0.014287322,0.014287322
8/20/18,6272.952729,-0.03354998,0.03354998
8/21/18,6473.076039,0.03190257,0.03190257
8/22/18,6365.009832,-0.016694722,0.016694722
8/23/18,6516.409025,0.023786168,0.023786168
8/24/18,6697.731879,0.027825579,0.027825579
8/25/18,6745.438939,0.007122868,0.007122868
8/26/18,6689.869333,-0.008238101,0.008238101
8/27/18,6839.158952,0.022315775,0.022315775
8/28/18,7092.973808,0.037111998,0.037111998
8/29/18,7033.428068,-0.008395032,0.008395032
8/30/18,6966.963744,-0.009449777,0.009449777
8/31/18,7025.14078,0.008350415,0.008350415
9/1/18,7192.352547,0.02380191,0.02380191
9/2/18,7286.667791,0.013113268,0.013113268
9/3/18,7257.470214,-0.004006986,0.004006986
9/4/18,7358.811479,0.013963718,0.013963718
9/5/18,6790.897328,-0.077174711,0.077174711
9/6/18,6488.075937,-0.04459225,0.04459225
9/7/18,6408.653622,-0.012241274,0.012241274
9/8/18,6187.790502,-0.034463264,0.034463264
9/9/18,6249.24631,0.009931786,0.009931786
9/10/18,6295.388603,0.007383657,0.007383657
9/11/18,6278.42464,-0.002694665,0.002694665
9/12/18,6327.536363,0.0078223,0.0078223
9/13/18,6490.912316,0.025819836,0.025819836
9/14/18,6494.695479,0.00058284,0.00058284
9/15/18,6524.165667,0.004537578,0.004537578
9/16/18,6497.404701,-0.004101822,0.004101822
9/17/18,6258.594875,-0.036754649,0.036754649
9/18/18,6340.34779,0.013062503,0.013062503
9/19/18,6383.951876,0.006877239,0.006877239
9/20/18,6498.607111,0.017959915,0.017959915
9/21/18,6741.142899,0.037321196,0.037321196
9/22/18,6705.476051,-0.00529092,0.00529092
9/23/18,6703.13685,-0.000348849,0.000348849
9/24/18,6576.545003,-0.018885463,0.018885463
9/25/18,6416.444022,-0.024344239,0.024344239
9/26/18,6463.250404,0.007294754,0.007294754
9/27/18,6677.900489,0.033210857,0.033210857
9/28/18,6623.12616,-0.008202328,0.008202328
9/29/18,6584.499148,-0.005832142,0.005832142
9/30/18,6604.485028,0.003035292,0.003035292
10/1/18,6561.813832,-0.006460942,0.006460942
10/2/18,6508.720939,-0.008091192,0.008091192
10/3/18,6464.456844,-0.006800736,0.006800736
10/4/18,6545.285668,0.012503575,0.012503575
10/5/18,6585.14958,0.006090477,0.006090477
10/6/18,6550.478316,-0.005265069,0.005265069
10/7/18,6564.56826,0.002150979,0.002150979
10/8/18,6604.685274,0.006111143,0.006111143
10/9/18,6590.428622,-0.002158566,0.002158566
10/10/18,6529.102436,-0.009305341,0.009305341
10/11/18,6159.251643,-0.056646499,0.056646499
10/12/18,6191.677223,0.005264533,0.005264533
10/13/18,6197.685696,0.000970411,0.000970411
10/14/18,6182.879344,-0.002389013,0.002389013
10/15/18,6442.715414,0.042025091,0.042025091
10/16/18,6461.937159,0.002983485,0.002983485
10/17/18,6442.7307,-0.002972245,0.002972245
10/18/18,6396.479812,-0.007178771,0.007178771
10/19/18,6383.07784,-0.002095211,0.002095211
10/20/18,6408.252746,0.003944007,0.003944007
10/21/18,6415.340503,0.001106036,0.001106036
10/22/18,6408.033636,-0.001138968,0.001138968
10/23/18,6395.987667,-0.001879823,0.001879823
10/24/18,6413.803641,0.002785492,0.002785492
10/25/18,6402.324859,-0.0017897,0.0017897
10/26/18,6404.108552,0.000278601,0.000278601
10/27/18,6409.405328,0.00082709,0.00082709
10/28/18,6406.633253,-0.000432501,0.000432501
10/29/18,6263.041735,-0.022412945,0.022412945
10/30/18,6272.167728,0.001457118,0.001457118
10/31/18,6306.316931,0.005444562,0.005444562
11/1/18,6342.977501,0.005813309,0.005813309
11/2/18,6348.168583,0.000818398,0.000818398
11/3/18,6332.434133,-0.002478581,0.002478581
11/4/18,6420.422,0.013894794,0.013894794
11/5/18,6402.946839,-0.002721809,0.002721809
11/6/18,6441.145219,0.00596575,0.00596575
11/7/18,6500.869805,0.009272355,0.009272355
11/8/18,6406.752937,-0.014477581,0.014477581
11/9/18,6331.378767,-0.011764801,0.011764801
11/10/18,6353.112734,0.003432738,0.003432738
11/11/18,6335.414204,-0.002785805,0.002785805
11/12/18,6320.656054,-0.002329469,0.002329469
11/13/18,6267.937991,-0.0083406,0.0083406
11/14/18,5574.258349,-0.110671108,0.110671108
11/15/18,5538.560608,-0.006404034,0.006404034
11/16/18,5496.016231,-0.007681486,0.007681486
11/17/18,5501.09234,0.000923598,0.000923598
11/18/18,5555.376338,0.009867858,0.009867858
11/19/18,4792.200024,-0.137376168,0.137376168
11/20/18,4317.53067,-0.099050405,0.099050405
11/21/18,4549.32201,0.05368609,0.05368609
11/22/18,4303.615549,-0.054009468,0.054009468
11/23/18,4289.892853,-0.003188643,0.003188643
11/24/18,3806.316925,-0.112724477,0.112724477
11/25/18,3946.850874,0.036921242,0.036921242
11/26/18,3700.285993,-0.062471294,0.062471294
11/27/18,3776.555905,0.020611897,0.020611897
11/28/18,4208.475269,0.114368587,0.114368587
11/29/18,4239.039488,0.00726254,0.00726254
11/30/18,3973.334052,-0.062680576,0.062680576
12/1/18,4148.073726,0.043978098,0.043978098
12/2/18,4098.746764,-0.011891534,0.011891534
12/3/18,3843.976666,-0.062158048,0.062158048
12/4/18,3892.951647,0.012740707,0.012740707
12/5/18,3709.520858,-0.047118692,0.047118692
12/6/18,3511.968982,-0.053255362,0.053255362
12/7/18,3372.995693,-0.039571332,0.039571332
12/8/18,3407.951195,0.01036334,0.01036334
12/9/18,3540.439576,0.038876255,0.038876255
12/10/18,3413.592584,-0.035828035,0.035828035
12/11/18,3352.5642,-0.017878051,0.017878051
12/12/18,3423.012918,0.021013384,0.021013384
12/13/18,3260.341582,-0.047522852,0.047522852
12/14/18,3198.947474,-0.018830576,0.018830576
12/15/18,3185.074044,-0.004336873,0.004336873
12/16/18,3195.414555,0.003246553,0.003246553
12/17/18,3499.156482,0.095055562,0.095055562
12/18/18,3659.527379,0.045831302,0.045831302
12/19/18,3697.725303,0.010437939,0.010437939
12/20/18,4067.737708,0.100064871,0.100064871
12/21/18,3839.085108,-0.056211245,0.056211245
12/22/18,3964.946116,0.032784115,0.032784115
12/23/18,3942.666996,-0.005619022,0.005619022
12/24/18,4040.04579,0.024698711,0.024698711
12/25/18,3761.584011,-0.068925402,0.068925402
12/26/18,3807.657454,0.012248415,0.012248415
12/27/18,3585.460536,-0.05835528,0.05835528
12/28/18,3881.054885,0.082442505,0.082442505
12/29/18,3823.138326,-0.014922891,0.014922891
12/30/18,3825.407463,0.000593527,0.000593527
12/31/18,3687.19994,-0.036128837,0.036128837
1/1/19,3808.117832,0.032793961,0.032793961
1/2/19,3898.197488,0.02365464,0.02365464
1/3/19,3784.388635,-0.029195251,0.029195251
1/4/19,3827.524594,0.011398396,0.011398396
1/5/19,3798.613955,-0.007553352,0.007553352
1/6/19,4045.993775,0.065123706,0.065123706
1/7/19,4001.018278,-0.011116057,0.011116057
1/8/19,3992.622789,-0.002098338,0.002098338
1/9/19,4004.259036,0.002914437,0.002914437
1/10/19,3627.90345,-0.093988821,0.093988821
1/11/19,3624.161421,-0.001031458,0.001031458
1/12/19,3617.022078,-0.00196993,0.00196993
1/13/19,3508.670108,-0.029956126,0.029956126
1/14/19,3666.945194,0.045109708,0.045109708
1/15/19,3581.293015,-0.023357911,0.023357911
1/16/19,3606.986576,0.007174381,0.007174381
1/17/19,3640.129131,0.009188433,0.009188433
1/18/19,3609.426736,-0.008434425,0.008434425
1/19/19,3687.301961,0.021575511,0.021575511
1/20/19,3538.313723,-0.04040576,0.04040576
1/21/19,3535.623393,-0.000760342,0.000760342
1/22/19,3577.30835,0.011789988,0.011789988
1/23/19,3551.893821,-0.007104372,0.007104372
1/24/19,3567.588934,0.004418801,0.004418801
1/25/19,3561.350498,-0.001748642,0.001748642
1/26/19,3557.039915,-0.001210379,0.001210379
1/27/19,3537.614131,-0.005461222,0.005461222
1/28/19,3435.052514,-0.028991748,0.028991748
1/29/19,3395.823763,-0.011420131,0.011420131
1/30/19,3437.895866,0.012389366,0.012389366
1/31/19,3410.131616,-0.008075943,0.008075943
2/1/19,3445.049891,0.010239568,0.010239568
2/2/19,3461.935117,0.004901301,0.004901301
2/3/19,3413.021616,-0.014128948,0.014128948
2/4/19,3411.387962,-0.000478653,0.000478653
2/5/19,3426.465011,0.004419623,0.004419623
2/6/19,3367.506365,-0.017206843,0.017206843
2/7/19,3358.873599,-0.002563549,0.002563549
2/8/19,3612.479619,0.075503294,0.075503294
2/9/19,3621.268121,0.002432817,0.002432817
2/10/19,3642.022359,0.005731207,0.005731207
2/11/19,3590.618484,-0.014114102,0.014114102
2/12/19,3587.902466,-0.000756421,0.000756421
2/13/19,3576.085373,-0.003293594,0.003293594
2/14/19,3561.916383,-0.003962151,0.003962151
2/15/19,3565.006924,0.000867662,0.000867662
2/16/19,3584.736003,0.005534093,0.005534093
2/17/19,3622.757429,0.010606479,0.010606479
2/18/19,3866.129217,0.067178604,0.067178604
2/19/19,3895.435211,0.00758019,0.00758019
2/20/19,3931.613829,0.009287439,0.009287439
2/21/19,3892.261794,-0.01000913,0.01000913
2/22/19,3948.300511,0.014397468,0.014397468
2/23/19,4110.151121,0.040992475,0.040992475
2/24/19,3754.18379,-0.086606872,0.086606872
2/25/19,3822.018697,0.018069149,0.018069149
2/26/19,3796.175068,-0.006761774,0.006761774
2/27/19,3799.381992,0.000844778,0.000844778
2/28/19,3792.947723,-0.001693504,0.001693504
3/1/19,3810.632693,0.004662593,0.004662593
3/2/19,3809.643391,-0.000259616,0.000259616
3/3/19,3782.38187,-0.007155925,0.007155925
3/4/19,3698.161855,-0.022266397,0.022266397
3/5/19,3840.128049,0.038388313,0.038388313
3/6/19,3851.998425,0.003091141,0.003091141
3/7/19,3855.923168,0.001018885,0.001018885
3/8/19,3839.233553,-0.004328306,0.004328306
3/9/19,3910.361167,0.018526514,0.018526514
3/10/19,3903.911951,-0.001649263,0.001649263
3/11/19,3851.568922,-0.013407841,0.013407841
3/12/19,3858.914824,0.001907249,0.001907249
3/13/19,3851.957466,-0.001802931,0.001802931
3/14/19,3853.783265,0.000473992,0.000473992
3/15/19,3901.914207,0.012489271,0.012489271
3/16/19,3989.796077,0.022522758,0.022522758
3/17/19,3967.143494,-0.005677629,0.005677629
3/18/19,3969.440146,0.000578918,0.000578918
3/19/19,3996.167904,0.006733382,0.006733382
3/20/19,4030.655276,0.008630111,0.008630111
3/21/19,3976.27385,-0.013491957,0.013491957
3/22/19,3983.887646,0.001914807,0.001914807
3/23/19,3981.776033,-0.000530038,0.000530038
3/24/19,3970.666988,-0.002789972,0.002789972
3/25/19,3908.238839,-0.015722333,0.015722333
3/26/19,3917.763402,0.002437047,0.002437047
3/27/19,4027.007918,0.027884409,0.027884409
3/28/19,4010.937462,-0.003990669,0.003990669
3/29/19,4089.46104,0.019577363,0.019577363
3/30/19,4091.891038,0.00059421,0.00059421
3/31/19,4094.317815,0.00059307,0.00059307
4/1/19,4138.417808,0.010771023,0.010771023
4/2/19,4903.719462,0.184926146,0.184926146
4/3/19,4960.227603,0.011523526,0.011523526
4/4/19,4911.269702,-0.009870091,0.009870091
4/5/19,5033.225484,0.024831823,0.024831823
4/6/19,5044.356846,0.002211576,0.002211576
4/7/19,5189.111956,0.028696445,0.028696445
4/8/19,5283.423025,0.018174799,0.018174799
4/9/19,5195.577909,-0.016626554,0.016626554
4/10/19,5311.741603,0.022358185,0.022358185
4/11/19,5050.666009,-0.049150658,0.049150658
4/12/19,5082.861432,0.006374491,0.006374491
4/13/19,5074.790693,-0.001587834,0.001587834
4/14/19,5156.804041,0.016160932,0.016160932
4/15/19,5042.897738,-0.022088546,0.022088546
4/16/19,5205.962957,0.032335619,0.032335619
4/17/19,5226.352215,0.00391652,0.00391652
4/18/19,5278.50234,0.009978303,0.009978303
4/19/19,5289.951219,0.002168964,0.002168964
4/20/19,5313.973262,0.004541071,0.004541071
4/21/19,5295.733828,-0.003432353,0.003432353
4/22/19,5383.799975,0.01662964,0.01662964
4/23/19,5544.862712,0.029916181,0.029916181
4/24/19,5431.94792,-0.020363857,0.020363857
4/25/19,5127.673167,-0.056015771,0.056015771
4/26/19,5150.164661,0.004386296,0.004386296
4/27/19,5181.807764,0.006144095,0.006144095
4/28/19,5148.669615,-0.006395094,0.006395094
4/29/19,5148.800493,2.54E-05,2.54E-05
4/30/19,5266.618203,0.022882555,0.022882555
5/1/19,5315.175329,0.009219792,0.009219792
5/2/19,5393.129376,0.014666317,0.014666317
5/3/19,5658.430388,0.049192406,0.049192406
5/4/19,5774.712429,0.020550229,0.020550229
5/5/19,5728.351702,-0.008028231,0.008028231
5/6/19,5691.688374,-0.006400328,0.006400328
5/7/19,5825.744893,0.023553032,0.023553032
5/8/19,5931.800595,0.018204659,0.018204659
5/9/19,6150.140445,0.03680836,0.03680836
5/10/19,6357.463494,0.033710295,0.033710295
5/11/19,7325.08286,0.152202111,0.152202111
5/12/19,6942.623175,-0.052212336,0.052212336
5/13/19,7798.905736,0.123337036,0.123337036
5/14/19,7955.557682,0.020086401,0.020086401
5/15/19,8215.206838,0.032637455,0.032637455
5/16/19,7862.071602,-0.042985556,0.042985556
5/17/19,7326.920682,-0.068067419,0.068067419
5/18/19,7277.987563,-0.006678538,0.006678538
5/19/19,8219.742787,0.129397751,0.129397751
5/20/19,7981.139379,-0.029028087,0.029028087
5/21/19,7983.808477,0.000334426,0.000334426
5/22/19,7667.902115,-0.039568379,0.039568379
5/23/19,7897.471294,0.029938981,0.029938981
5/24/19,7987.100368,0.011349085,0.011349085
5/25/19,8061.591761,0.009326463,0.009326463
5/26/19,8731.524956,0.083101851,0.083101851
5/27/19,8816.786708,0.009764818,0.009764818
5/28/19,8719.125848,-0.011076695,0.011076695
5/29/19,8655.488506,-0.007298592,0.007298592
5/30/19,8271.621963,-0.044349495,0.044349495
5/31/19,8556.222186,0.034406822,0.034406822
6/1/19,8554.80733,-0.00016536,0.00016536
6/2/19,8744.353745,0.022156714,0.022156714
6/3/19,8173.401271,-0.065293845,0.065293845
6/4/19,7649.939332,-0.064044566,0.064044566
6/5/19,7798.544466,0.019425662,0.019425662
6/6/19,7776.713326,-0.002799387,0.002799387
6/7/19,8023.950093,0.031791935,0.031791935
6/8/19,7939.805155,-0.010486723,0.010486723
6/9/19,7634.065751,-0.038507167,0.038507167
6/10/19,7993.302539,0.047057073,0.047057073
6/11/19,7922.483627,-0.008859781,0.008859781
6/12/19,8146.756125,0.028308357,0.028308357
6/13/19,8232.777341,0.010558953,0.010558953
6/14/19,8698.004815,0.056509177,0.056509177
6/15/19,8850.584816,0.017541954,0.017541954
6/16/19,9019.517007,0.019087122,0.019087122
6/17/19,9340.572189,0.035595607,0.035595607
6/18/19,9047.132744,-0.031415575,0.031415575
6/19/19,9285.055677,0.026298159,0.026298159
6/20/19,9546.719778,0.02818121,0.02818121
6/21/19,10083.48631,0.056225232,0.056225232
6/22/19,10685.29523,0.059682624,0.059682624
6/23/19,10794.4277,0.010213332,0.010213332
6/24/19,11004.20691,0.019434028,0.019434028
6/25/19,11726.26383,0.065616444,0.065616444
6/26/19,12863.46068,0.096978617,0.096978617
6/27/19,11109.79784,-0.136329009,0.136329009
6/28/19,12358.20796,0.112370192,0.112370192
6/29/19,11944.35155,-0.033488384,0.033488384
6/30/19,10842.61671,-0.092238983,0.092238983
7/1/19,10569.55173,-0.025184417,0.025184417
7/2/19,10766.08332,0.018594127,0.018594127
7/3/19,11952.02489,0.110155341,0.110155341
7/4/19,11177.01038,-0.064843784,0.064843784
7/5/19,10998.3991,-0.015980237,0.015980237
7/6/19,11208.2256,0.019077913,0.019077913
7/7/19,11456.1836,0.02212286,0.02212286
7/8/19,12319.62288,0.07536884,0.07536884
7/9/19,12579.10762,0.021062718,0.021062718
7/10/19,12106.78293,-0.037548346,0.037548346
7/11/19,11294.67803,-0.067078505,0.067078505
7/12/19,11813.32372,0.045919475,0.045919475
7/13/19,11346.83715,-0.039488173,0.039488173
7/14/19,10283.07579,-0.093749593,0.093749593
7/15/19,10926.38027,0.062559539,0.062559539
7/16/19,9471.140865,-0.133185865,0.133185865
7/17/19,9674.882461,0.021511833,0.021511833
7/18/19,10679.89069,0.103878081,0.103878081
7/19/19,10532.20273,-0.013828602,0.013828602
7/20/19,10862.64855,0.031374806,0.031374806
7/21/19,10589.70649,-0.025126658,0.025126658
7/22/19,10318.56093,-0.025604635,0.025604635
7/23/19,9866.64894,-0.043796028,0.043796028
7/24/19,9792.787537,-0.007485967,0.007485967
7/25/19,9897.186786,0.010660831,0.010660831
7/26/19,9836.696788,-0.006111838,0.006111838
7/27/19,9446.672052,-0.03964997,0.03964997
7/28/19,9529.788792,0.008798521,0.008798521
7/29/19,9504.158916,-0.002689448,0.002689448
7/30/19,9589.109206,0.008938223,0.008938223
7/31/19,10059.00402,0.049002968,0.049002968
8/1/19,10400.30701,0.033930098,0.033930098
8/2/19,10529.69445,0.012440733,0.012440733
8/3/19,10810.42167,0.026660528,0.026660528
8/4/19,10986.50893,0.016288658,0.016288658
8/5/19,11790.02394,0.073136518,0.073136518
8/6/19,11423.497,-0.031087887,0.031087887
8/7/19,11967.27355,0.047601583,0.047601583
8/8/19,11938.23461,-0.002426529,0.002426529
8/9/19,11858.3411,-0.006692238,0.006692238
8/10/19,11303.73056,-0.046769656,0.046769656
8/11/19,11530.19524,0.020034508,0.020034508
8/12/19,11384.69625,-0.012618953,0.012618953
8/13/19,10867.05476,-0.045468186,0.045468186
8/14/19,10024.37959,-0.077544025,0.077544025
8/15/19,10310.08587,0.028501143,0.028501143
8/16/19,10373.3219,0.006133415,0.006133415
8/17/19,10207.15556,-0.016018624,0.016018624
8/18/19,10331.30998,0.012163468,0.012163468
8/19/19,10884.62977,0.053557564,0.053557564
8/20/19,10771.39238,-0.010403422,0.010403422
8/21/19,10096.83022,-0.062625344,0.062625344
8/22/19,10119.71452,0.002266484,0.002266484
8/23/19,10414.14417,0.029094659,0.029094659
8/24/19,10147.08715,-0.025643684,0.025643684
8/25/19,10100.35678,-0.0046053,0.0046053
8/26/19,10362.64347,0.025968062,0.025968062
8/27/19,10168.22157,-0.018761805,0.018761805
8/28/19,9724.799978,-0.043608569,0.043608569
8/29/19,9482.311735,-0.024935037,0.024935037
8/30/19,9577.678823,0.010057367,0.010057367
8/31/19,9605.024461,0.002855143,0.002855143
9/1/19,9762.936557,0.016440572,0.016440572
9/2/19,10377.33838,0.062932072,0.062932072
9/3/19,10618.78151,0.023266382,0.023266382
9/4/19,10577.24108,-0.003911976,0.003911976
9/5/19,10580.1847,0.000278297,0.000278297
9/6/19,10330.84973,-0.023566221,0.023566221
9/7/19,10494.50696,0.015841604,0.015841604
9/8/19,10407.26566,-0.008313045,0.008313045
9/9/19,10332.46444,-0.007187403,0.007187403
9/10/19,10085.95192,-0.023858056,0.023858056
9/11/19,10142.14806,0.005571724,0.005571724
9/12/19,10403.35997,0.025755087,0.025755087
9/13/19,10345.33875,-0.005577162,0.005577162
9/14/19,10363.4529,0.001750948,0.001750948
9/15/19,10306.16967,-0.005527427,0.005527427
9/16/19,10257.82276,-0.004691064,0.004691064
9/17/19,10195.61118,-0.006064794,0.006064794
9/18/19,10161.31887,-0.003363439,0.003363439
9/19/19,10268.39263,0.010537388,0.010537388
9/20/19,10170.12512,-0.009569902,0.009569902
9/21/19,9986.406108,-0.018064577,0.018064577
9/22/19,10047.01347,0.006068987,0.006068987
9/23/19,9692.741048,-0.035261466,0.035261466
9/24/19,8613.671249,-0.111327621,0.111327621
9/25/19,8424.157646,-0.02200149,0.02200149
9/26/19,8091.695299,-0.039465352,0.039465352
9/27/19,8186.779639,0.011750855,0.011750855
9/28/19,8201.979013,0.001856575,0.001856575
9/29/19,8064.508062,-0.016760705,0.016760705
9/30/19,8282.365454,0.027014344,0.027014344
10/1/19,8314.55139,0.00388608,0.00388608
10/2/19,8362.530732,0.005770527,0.005770527
10/3/19,8254.33991,-0.012937569,0.012937569
10/4/19,8165.686151,-0.01074026,0.01074026
10/5/19,8141.633714,-0.00294555,0.00294555
10/6/19,7854.609813,-0.035253846,0.035253846
10/7/19,8226.023429,0.047286068,0.047286068
10/8/19,8190.115121,-0.004365209,0.004365209
10/9/19,8598.331921,0.049842621,0.049842621
10/10/19,8578.090379,-0.002354124,0.002354124
10/11/19,8289.854029,-0.033601459,0.033601459
10/12/19,8323.750144,0.004088868,0.004088868
10/13/19,8291.250651,-0.003904429,0.003904429
10/14/19,8346.368437,0.006647705,0.006647705
10/15/19,8160.712628,-0.022243903,0.022243903
10/16/19,8003.855923,-0.019220957,0.019220957
10/17/19,8072.489382,0.008575049,0.008575049
10/18/19,7959.331994,-0.014017657,0.014017657
10/19/19,7948.477337,-0.001363765,0.001363765
10/20/19,8213.709039,0.033368869,0.033368869
10/21/19,8211.654559,-0.000250128,0.000250128
10/22/19,8029.205373,-0.022218322,0.022218322
10/23/19,7458.035857,-0.071136494,0.071136494
10/24/19,7454.371138,-0.000491379,0.000491379
10/25/19,8656.655178,0.161285777,0.161285777
10/26/19,9249.646761,0.068501236,0.068501236
10/27/19,9558.156044,0.033353629,0.033353629
10/28/19,9319.178142,-0.025002511,0.025002511
10/29/19,9431.207124,0.012021337,0.012021337
10/30/19,9182.855065,-0.026333009,0.026333009
10/31/19,9155.277299,-0.00300318,0.00300318
11/1/19,9251.381293,0.010497115,0.010497115
11/2/19,9300.190838,0.00527592,0.00527592
11/3/19,9209.638696,-0.00973659,0.00973659
11/4/19,9418.360131,0.022663368,0.022663368
11/5/19,9330.787223,-0.009298106,0.009298106
11/6/19,9354.933382,0.002587794,0.002587794
11/7/19,9210.748222,-0.01541274,0.01541274
11/8/19,8791.333935,-0.045535311,0.045535311
11/9/19,8810.784562,0.002212477,0.002212477
11/10/19,9042.890723,0.026343416,0.026343416
11/11/19,8713.20793,-0.036457677,0.036457677
11/12/19,8788.958143,0.008693723,0.008693723
11/13/19,8766.729431,-0.002529164,0.002529164
11/14/19,8645.435804,-0.013835676,0.013835676
11/15/19,8465.877889,-0.020769099,0.020769099
11/16/19,8477.690243,0.00139529,0.00139529
11/17/19,8505.161223,0.003240385,0.003240385
11/18/19,8183.533414,-0.037815604,0.037815604
11/19/19,8116.820673,-0.00815207,0.00815207
11/20/19,8076.55466,-0.004960811,0.004960811
11/21/19,7612.277488,-0.057484558,0.057484558
11/22/19,7277.524273,-0.043975435,0.043975435
11/23/19,7324.836179,0.006501099,0.006501099
11/24/19,6943.380656,-0.052077004,0.052077004
11/25/19,7139.044686,0.028179937,0.028179937
11/26/19,7165.43773,0.003696999,0.003696999
11/27/19,7526.863817,0.050440196,0.050440196
11/28/19,7436.336382,-0.012027245,0.012027245
11/29/19,7747.738042,0.041875682,0.041875682
11/30/19,7556.193721,-0.024722612,0.024722612
12/1/19,7417.727206,-0.018324903,0.018324903
12/2/19,7318.312522,-0.013402311,0.013402311
12/3/19,7306.446233,-0.001621451,0.001621451
12/4/19,7215.020345,-0.012513045,0.012513045
12/5/19,7404.086795,0.026204562,0.026204562
12/6/19,7534.208356,0.017574289,0.017574289
12/7/19,7512.061403,-0.00293952,0.00293952
12/8/19,7528.940269,0.002246902,0.002246902
12/9/19,7340.227459,-0.02506499,0.02506499
12/10/19,7232.091784,-0.014731924,0.014731924
12/11/19,7200.464446,-0.004373194,0.004373194
12/12/19,7192.849024,-0.001057629,0.001057629
12/13/19,7244.90372,0.007237007,0.007237007
12/14/19,7071.10709,-0.023988812,0.023988812
12/15/19,7111.28667,0.005682219,0.005682219
12/16/19,6882.395795,-0.032186985,0.032186985
12/17/19,6608.96198,-0.039729452,0.039729452
12/18/19,7284.625484,0.102234436,0.102234436
12/19/19,7146.167638,-0.019006859,0.019006859
12/20/19,7184.219172,0.005324747,0.005324747
12/21/19,7140.298011,-0.006113561,0.006113561
12/22/19,7479.402408,0.047491631,0.047491631
12/23/19,7321.748724,-0.02107838,0.02107838
12/24/19,7235.629084,-0.011762168,0.011762168
12/25/19,7191.174166,-0.006143891,0.006143891
12/26/19,7194.639758,0.000481923,0.000481923
12/27/19,7237.150447,0.005908661,0.005908661
12/28/19,7306.643308,0.009602241,0.009602241
12/29/19,7391.578521,0.011624382,0.011624382
12/30/19,7229.397101,-0.021941378,0.021941378
12/31/19,7167.395055,-0.008576379,0.008576379
1/1/20,7170.631869,0.000451603,0.000451603
1/2/20,6946.825269,-0.031211559,0.031211559
1/3/20,7315.30936,0.053043524,0.053043524
1/4/20,7343.164194,0.003807745,0.003807745
1/5/20,7345.530692,0.000322272,0.000322272
1/6/20,7765.797735,0.05721398,0.05721398
1/7/20,8136.086842,0.047682044,0.047682044
1/8/20,8059.699529,-0.009388704,0.009388704
1/9/20,7817.136093,-0.030095841,0.030095841
1/10/20,8129.81792,0.039999537,0.039999537
1/11/20,8032.005495,-0.012031318,0.012031318
1/12/20,8164.549993,0.016502043,0.016502043
1/13/20,8121.925668,-0.005220658,0.005220658
1/14/20,8830.167873,0.087201267,0.087201267
1/15/20,8811.448203,-0.002119968,0.002119968
1/16/20,8718.686998,-0.010527351,0.010527351
1/17/20,8912.541904,0.022234415,0.022234415
1/18/20,8928.180757,0.001754702,0.001754702
1/19/20,8687.354837,-0.026973683,0.026973683
1/20/20,8636.258786,-0.005881658,0.005881658
1/21/20,8730.86756,0.010954833,0.010954833
1/22/20,8647.900474,-0.009502731,0.009502731
1/23/20,8366.384614,-0.032553087,0.032553087
1/24/20,8423.390958,0.006813737,0.006813737
1/25/20,8344.774569,-0.009333105,0.009333105
1/26/20,8573.87481,0.027454335,0.027454335
1/27/20,8901.959285,0.038265601,0.038265601
1/28/20,9297.388318,0.044420449,0.044420449
1/29/20,9311.947544,0.001565948,0.001565948
1/30/20,9508.920965,0.021152763,0.021152763
1/31/20,9357.284782,-0.015946729,0.015946729
2/1/20,9381.886029,0.002629101,0.002629101
2/2/20,9339.387063,-0.004529896,0.004529896
2/3/20,9279.812521,-0.006378849,0.006378849
2/4/20,9161.627198,-0.012735745,0.012735745
2/5/20,9628.136776,0.050919948,0.050919948
2/6/20,9739.280436,0.011543631,0.011543631
2/7/20,9800.2794,0.00626319,0.00626319
2/8/20,9911.293408,0.011327637,0.011327637
2/9/20,10151.0832,0.024193593,0.024193593
2/10/20,9872.361873,-0.027457299,0.027457299
2/11/20,10272.22256,0.040503042,0.040503042
2/12/20,10360.13522,0.008558291,0.008558291
2/13/20,10235.49732,-0.012030528,0.012030528
2/14/20,10361.61569,0.012321665,0.012321665
2/15/20,9911.724327,-0.043419036,0.043419036
2/16/20,9952.046612,0.00406814,0.00406814
2/17/20,9683.079628,-0.027026299,0.027026299
2/18/20,10195.30379,0.05289889,0.05289889
2/19/20,9636.002299,-0.054858737,0.054858737
2/20/20,9614.030122,-0.002280217,0.002280217
2/21/20,9701.797503,0.009129094,0.009129094
2/22/20,9675.249058,-0.002736446,0.002736446
2/23/20,9972.842423,0.030758212,0.030758212
2/24/20,9648.007883,-0.032571911,0.032571911
2/25/20,9344.28714,-0.031480151,0.031480151
2/26/20,8798.888949,-0.05836702,0.05836702
2/27/20,8779.029482,-0.002257043,0.002257043
2/28/20,8750.593446,-0.003239087,0.003239087
2/29/20,8582.0903,-0.019256196,0.019256196
3/1/20,8541.773894,-0.004697737,0.004697737
3/2/20,8906.214756,0.042665712,0.042665712
3/3/20,8768.810614,-0.015427895,0.015427895
3/4/20,8756.369572,-0.001418783,0.001418783
3/5/20,9062.615803,0.03497411,0.03497411
3/6/20,9147.085059,0.009320626,0.009320626
3/7/20,8898.306957,-0.027197528,0.027197528
3/8/20,8109.614541,-0.088633986,0.088633986
3/9/20,7896.38532,-0.026293385,0.026293385
3/10/20,7909.927875,0.001715032,0.001715032
3/11/20,7939.341335,0.00371855,0.00371855
3/12/20,4959.313414,-0.375349515,0.375349515
3/13/20,5627.692388,0.134772481,0.134772481
3/14/20,5145.172506,-0.085740273,0.085740273
3/15/20,5358.610663,0.041483188,0.041483188
3/16/20,5012.927388,-0.06450987,0.06450987
3/17/20,5416.754711,0.080557186,0.080557186
3/18/20,5392.487836,-0.004479966,0.004479966
3/19/20,6203.551632,0.150406236,0.150406236
3/20/20,6174.149476,-0.004739568,0.004739568
3/21/20,6175.831022,0.000272353,0.000272353
3/22/20,5830.56098,-0.055906653,0.055906653
3/23/20,6486.408657,0.11248449,0.11248449
3/24/20,6775.057619,0.044500582,0.044500582
3/25/20,6689.969013,-0.012559097,0.012559097
3/26/20,6754.460336,0.009640003,0.009640003
3/27/20,6490.795415,-0.039035675,0.039035675
3/28/20,6231.81989,-0.039898889,0.039898889
3/29/20,5904.857587,-0.052466584,0.052466584
3/30/20,6436.9057,0.090103462,0.090103462
3/31/20,6432.383242,-0.000702583,0.000702583
4/1/20,6643.110009,0.032760294,0.032760294
4/2/20,6792.742222,0.022524422,0.022524422
4/3/20,6751.902552,-0.006012251,0.006012251
4/4/20,6859.989169,0.01600832,0.01600832
4/5/20,6790.812473,-0.010084082,0.010084082
4/6/20,7298.173745,0.074712897,0.074712897
4/7/20,7187.593337,-0.015151792,0.015151792
4/8/20,7372.194764,0.025683343,0.025683343
4/9/20,7299.579188,-0.009849926,0.009849926
4/10/20,6859.822675,-0.060244091,0.060244091
4/11/20,6883.182229,0.003405271,0.003405271
4/12/20,6978.666287,0.01387208,0.01387208
4/13/20,6863.575533,-0.016491798,0.016491798
4/14/20,6875.538503,0.001742965,0.001742965
4/15/20,6625.475775,-0.036369912,0.036369912
4/16/20,7127.792282,0.075815915,0.075815915
4/17/20,7081.395198,-0.00650932,0.00650932
4/18/20,7262.792344,0.025616018,0.025616018
4/19/20,7150.244215,-0.015496537,0.015496537
4/20/20,6853.273415,-0.041532959,0.041532959
4/21/20,6870.423699,0.002502495,0.002502495
4/22/20,7123.65692,0.036858458,0.036858458
4/23/20,7488.605165,0.051230463,0.051230463
4/24/20,7506.443316,0.002382039,0.002382039
4/25/20,7537.738209,0.004169071,0.004169071
4/26/20,7684.068522,0.019413027,0.019413027
4/27/20,7777.491519,0.012158012,0.012158012
4/28/20,7769.899698,-0.000976127,0.000976127
4/29/20,8761.83717,0.127664128,0.127664128
4/30/20,8652.410991,-0.012488954,0.012488954
5/1/20,8855.535258,0.023476031,0.023476031
5/2/20,8977.281705,0.013748062,0.013748062
5/3/20,8896.795638,-0.008965528,0.008965528
5/4/20,8881.954305,-0.001668166,0.001668166
5/5/20,8985.879599,0.011700724,0.011700724
5/6/20,9266.813073,0.031263881,0.031263881
5/7/20,9993.753177,0.078445534,0.078445534
5/8/20,9859.323605,-0.01345136,0.01345136
5/9/20,9577.338922,-0.028600814,0.028600814
5/10/20,8715.033293,-0.090036036,0.090036036
5/11/20,8591.652884,-0.014157193,0.014157193
5/12/20,8817.250681,0.026257788,0.026257788
5/13/20,9322.997202,0.057358755,0.057358755
5/14/20,9801.269488,0.051300271,0.051300271
5/15/20,9326.875859,-0.048401243,0.048401243
5/16/20,9395.475389,0.007355038,0.007355038
5/17/20,9682.532481,0.030552695,0.030552695
5/18/20,9726.850022,0.004577061,0.004577061
5/19/20,9754.201462,0.002811952,0.002811952
5/20/20,9515.70255,-0.02445089,0.02445089
5/21/20,9068.801229,-0.046964616,0.046964616
5/22/20,9161.815034,0.010256461,0.010256461
5/23/20,9183.662125,0.002384581,0.002384581
5/24/20,8806.230657,-0.041098144,0.041098144
5/25/20,8909.192582,0.01169194,0.01169194
5/26/20,8835.137253,-0.008312238,0.008312238
5/27/20,9169.057439,0.037794567,0.037794567
5/28/20,9568.261853,0.043538217,0.043538217
5/29/20,9432.413333,-0.014197826,0.014197826
5/30/20,9691.680491,0.027486832,0.027486832
5/31/20,9433.943847,-0.026593597,0.026593597
6/1/20,10199.13505,0.081110426,0.081110426
6/2/20,9512.346533,-0.067337918,0.067337918
6/3/20,9642.2734,0.013658761,0.013658761
6/4/20,9813.360679,0.017743459,0.017743459
6/5/20,9641.891623,-0.017473021,0.017473021
6/6/20,9668.670539,0.002777351,0.002777351
6/7/20,9747.580111,0.008161367,0.008161367
6/8/20,9769.342361,0.00223258,0.00223258
6/9/20,9779.422166,0.001031779,0.001031779
6/10/20,9888.444175,0.011148103,0.011148103
6/11/20,9277.451169,-0.061788588,0.061788588
6/12/20,9456.161533,0.019262873,0.019262873
6/13/20,9461.333799,0.000546973,0.000546973
6/14/20,9342.955635,-0.012511784,0.012511784
6/15/20,9441.383211,0.010534951,0.010534951
6/16/20,9520.091948,0.008336568,0.008336568
6/17/20,9448.693561,-0.007499758,0.007499758
6/18/20,9389.990766,-0.006212795,0.006212795
6/19/20,9285.991583,-0.011075536,0.011075536
6/20/20,9357.292464,0.007678327,0.007678327
6/21/20,9284.769372,-0.007750436,0.007750436
6/22/20,9684.620185,0.043065239,0.043065239
6/23/20,9611.725998,-0.007526799,0.007526799
6/24/20,9292.943544,-0.033165995,0.033165995
6/25/20,9247.121432,-0.00493085,0.00493085
6/26/20,9159.437772,-0.009482265,0.009482265
6/27/20,9002.165617,-0.017170503,0.017170503
6/28/20,9108.065675,0.011763842,0.011763842
6/29/20,9184.247366,0.008364201,0.008364201
6/30/20,9143.967585,-0.004385747,0.004385747
7/1/20,9241.339612,0.010648772,0.010648772
7/2/20,9094.387287,-0.015901626,0.015901626
7/3/20,9066.690697,-0.00304546,0.00304546
7/4/20,9126.219555,0.006565666,0.006565666
7/5/20,9079.614018,-0.005106774,0.005106774
7/6/20,9338.942591,0.02856163,0.02856163
7/7/20,9252.158733,-0.009292686,0.009292686
7/8/20,9434.567956,0.019715315,0.019715315
7/9/20,9231.502348,-0.021523573,0.021523573
7/10/20,9285.221015,0.00581906,0.00581906
7/11/20,9237.171008,-0.005174891,0.005174891
7/12/20,9289.097977,0.005621523,0.005621523
7/13/20,9236.622501,-0.005649147,0.005649147
7/14/20,9260.356987,0.002569607,0.002569607
7/15/20,9196.725559,-0.00687138,0.00687138
7/16/20,9132.592312,-0.006973487,0.006973487
7/17/20,9156.46871,0.002614416,0.002614416
7/18/20,9175.905309,0.002122718,0.002122718
7/19/20,9218.842311,0.004679321,0.004679321
7/20/20,9167.190568,-0.005602845,0.005602845
7/21/20,9388.57435,0.024149578,0.024149578
7/22/20,9531.25743,0.015197524,0.015197524
7/23/20,9609.166715,0.008174083,0.008174083
7/24/20,9548.100727,-0.006354972,0.006354972
7/25/20,9702.45279,0.016165735,0.016165735
7/26/20,9933.906554,0.023855181,0.023855181
7/27/20,11046.50833,0.112000427,0.112000427
7/28/20,10944.61298,-0.009224213,0.009224213
7/29/20,11115.77128,0.015638589,0.015638589
7/30/20,11135.39073,0.00176501,0.00176501
7/31/20,11338.19734,0.018212797,0.018212797
8/1/20,11797.58213,0.040516563,0.040516563
8/2/20,11094.02068,-0.059636071,0.059636071
8/3/20,11236.09568,0.012806448,0.012806448
8/4/20,11202.65191,-0.002976458,0.002976458
8/5/20,11721.43847,0.046309264,0.046309264
8/6/20,11769.30911,0.004084024,0.004084024
8/7/20,11598.96906,-0.014473241,0.014473241
8/8/20,11743.00864,0.012418309,0.012418309
8/9/20,11680.51737,-0.005321572,0.005321572
8/10/20,11870.36954,0.016253747,0.016253747
8/11/20,11392.64409,-0.040245205,0.040245205
8/12/20,11575.51247,0.016051444,0.016051444
8/13/20,11773.44812,0.017099514,0.017099514
8/14/20,11774.40825,8.16E-05,8.16E-05
8/15/20,11866.91036,0.0078562,0.0078562
8/16/20,11899.64275,0.002758291,0.002758291
8/17/20,12315.76242,0.034969089,0.034969089
8/18/20,11992.696,-0.026231946,0.026231946
8/19/20,11736.84906,-0.021333563,0.021333563
8/20/20,11867.52034,0.011133421,0.011133421
8/21/20,11524.69895,-0.028887365,0.028887365
8/22/20,11682.28915,0.013674127,0.013674127
8/23/20,11665.60927,-0.001427792,0.001427792
8/24/20,11771.40805,0.009069289,0.009069289
8/25/20,11358.45432,-0.035081082,0.035081082
8/26/20,11472.04912,0.010000903,0.010000903
8/27/20,11314.67374,-0.013718158,0.013718158
8/28/20,11527.88303,0.018843609,0.018843609
8/29/20,11490.76235,-0.003220078,0.003220078
8/30/20,11698.97583,0.018120076,0.018120076
8/31/20,11678.34823,-0.001763198,0.001763198
9/1/20,11970.36486,0.02500496,0.02500496
9/2/20,11414.52093,-0.046435003,0.046435003
9/3/20,10261.49441,-0.101014009,0.101014009
9/4/20,10471.96641,0.020510853,0.020510853
9/5/20,10128.64359,-0.032784944,0.032784944
9/6/20,10253.2999,0.012307306,0.012307306
9/7/20,10367.87835,0.011174788,0.011174788
9/8/20,10108.63545,-0.025004432,0.025004432
9/9/20,10223.11141,0.011324571,0.011324571
9/10/20,10334.63073,0.01090855,0.01090855
9/11/20,10387.02074,0.005069365,0.005069365
9/12/20,10436.97783,0.004809569,0.004809569
9/13/20,10322.52361,-0.010966222,0.010966222
9/14/20,10662.71991,0.032956698,0.032956698
9/15/20,10779.38102,0.010941028,0.010941028
9/16/20,10968.32055,0.017527864,0.017527864
9/17/20,10936.29275,-0.002920027,0.002920027
9/18/20,10920.11284,-0.001479469,0.001479469
9/19/20,11073.77955,0.014071897,0.014071897
9/20/20,10921.2181,-0.013776818,0.013776818
9/21/20,10455.37996,-0.042654412,0.042654412
9/22/20,10519.83916,0.006165171,0.006165171
9/23/20,10233.29957,-0.027238021,0.027238021
9/24/20,10739.04271,0.049421317,0.049421317
9/25/20,10683.63058,-0.005159876,0.005159876
9/26/20,10742.03042,0.005466292,0.005466292
9/27/20,10758.82429,0.001563379,0.001563379
9/28/20,10727.37505,-0.002923111,0.002923111
9/29/20,10841.14274,0.010605361,0.010605361
9/30/20,10772.35177,-0.006345362,0.006345362
10/1/20,10606.61733,-0.015385167,0.015385167
10/2/20,10570.10568,-0.003442347,0.003442347
10/3/20,10555.70543,-0.001362356,0.001362356
10/4/20,10665.61862,0.010412681,0.010412681
10/5/20,10772.6356,0.010033827,0.010033827
10/6/20,10596.37355,-0.016362017,0.016362017
10/7/20,10667.19439,0.006683498,0.006683498
10/8/20,10902.52936,0.022061562,0.022061562
10/9/20,11074.10368,0.015737111,0.015737111
10/10/20,11302.85429,0.020656354,0.020656354
10/11/20,11378.26253,0.006671611,0.006671611
10/12/20,11548.40156,0.014952988,0.014952988
10/13/20,11434.96878,-0.009822379,0.009822379
10/14/20,11417.10811,-0.001561934,0.001561934
10/15/20,11502.58124,0.007486408,0.007486408
10/16/20,11338.98718,-0.014222378,0.014222378
10/17/20,11362.80222,0.002100279,0.002100279
10/18/20,11489.62257,0.01116101,0.01116101
10/19/20,11745.81197,0.02229746,0.02229746
10/20/20,11929.45725,0.015634959,0.015634959
10/21/20,12848.49062,0.077038992,0.077038992
10/22/20,12997.49934,0.011597372,0.011597372
10/23/20,12953.4297,-0.003390625,0.003390625
10/24/20,13113.86692,0.012385695,0.012385695
10/25/20,13041.64104,-0.005507596,0.005507596
10/26/20,13080.65617,0.002991582,0.002991582
10/27/20,13675.52393,0.045476905,0.045476905
10/28/20,13290.32885,-0.028166751,0.028166751
10/29/20,13475.2173,0.013911503,0.013911503
10/30/20,13603.29609,0.009504766,0.009504766
10/31/20,13807.23361,0.014991772,0.014991772
11/1/20,13736.89941,-0.005094011,0.005094011
11/2/20,13595.56476,-0.010288686,0.010288686
11/3/20,13996.9154,0.029520704,0.029520704
11/4/20,14129.1482,0.009447281,0.009447281
11/5/20,15606.46683,0.104558224,0.104558224
11/6/20,15618.97247,0.000801311,0.000801311
11/7/20,14866.3563,-0.048186023,0.048186023
11/8/20,15500.00071,0.042622711,0.042622711
11/9/20,15319.81997,-0.011624563,0.011624563
11/10/20,15319.27568,-3.55E-05,3.55E-05
11/11/20,15731.24111,0.026891965,0.026891965
11/12/20,16289.8149,0.035507293,0.035507293
11/13/20,16330.06277,0.002470738,0.002470738
11/14/20,16102.01002,-0.01396521,0.01396521
11/15/20,15986.75499,-0.007157804,0.007157804
11/16/20,16743.05394,0.047307846,0.047307846
11/17/20,17682.16919,0.056089842,0.056089842
11/18/20,17804.69002,0.006929061,0.006929061
11/19/20,17818.66866,0.00078511,0.00078511
11/20/20,18663.78185,0.047428526,0.047428526
11/21/20,18706.58934,0.002293612,0.002293612
11/22/20,18482.69263,-0.011968868,0.011968868
11/23/20,18373.25776,-0.005920938,0.005920938
11/24/20,19150.25105,0.042289359,0.042289359
11/25/20,18748.39371,-0.020984442,0.020984442
11/26/20,17113.71687,-0.087190234,0.087190234
11/27/20,17101.60302,-0.000707845,0.000707845
11/28/20,17745.37731,0.037644091,0.037644091
11/29/20,18190.86688,0.025104542,0.025104542
11/30/20,19664.40761,0.081004426,0.081004426
12/1/20,18820.60779,-0.042910004,0.042910004
12/2/20,19214.87223,0.02094855,0.02094855
12/3/20,19470.31121,0.013293816,0.013293816
12/4/20,18732.96709,-0.037870176,0.037870176
12/5/20,19114.63313,0.02037403,0.02037403
12/6/20,19356.31368,0.012643745,0.012643745
12/7/20,19182.17683,-0.008996385,0.008996385
12/8/20,18340.97814,-0.04385314,0.04385314
12/9/20,18574.69674,0.012742973,0.012742973
12/10/20,18294.84695,-0.015066183,0.015066183
12/11/20,18061.76003,-0.012740578,0.012740578
12/12/20,18813.28377,0.041608555,0.041608555
12/13/20,19156.08251,0.018221101,0.018221101
12/14/20,19286.7513,0.006821269,0.006821269
12/15/20,19432.58846,0.00756152,0.00756152
12/16/20,21370.72032,0.099736165,0.099736165
12/17/20,22789.26742,0.066378067,0.066378067
12/18/20,23048.76456,0.011386814,0.011386814
12/19/20,23856.77352,0.035056498,0.035056498
12/20/20,23528.55061,-0.013758059,0.013758059
12/21/20,22937.41834,-0.025124041,0.025124041
12/22/20,23756.88877,0.035726358,0.035726358
12/23/20,23307.2709,-0.018925789,0.018925789
12/24/20,23707.63304,0.017177564,0.017177564
12/25/20,24669.16432,0.040557878,0.040557878
12/26/20,26478.06811,0.073326512,0.073326512
12/27/20,26430.8566,-0.001783042,0.001783042
12/28/20,27039.34902,0.023022047,0.023022047
12/29/20,27231.20346,0.007095379,0.007095379
12/30/20,28844.61368,0.059248583,0.059248583
12/31/20,29022.67141,0.006172998,0.006172998
1/1/21,29380.69373,0.012335953,0.012335953
1/2/21,32022.68106,0.089922564,0.089922564
1/3/21,33277.83531,0.039195789,0.039195789
1/4/21,31802.14671,-0.044344489,0.044344489
1/5/21,34013.17417,0.069524472,0.069524472
1/6/21,36643.27772,0.077326025,0.077326025
1/7/21,39215.65115,0.070200418,0.070200418
1/8/21,40775.40456,0.039773748,0.039773748
1/9/21,40370.68235,-0.009925646,0.009925646
1/10/21,38329.34017,-0.050564966,0.050564966
1/11/21,35269.51372,-0.079829875,0.079829875
1/12/21,33712.46855,-0.044147055,0.044147055
1/13/21,37296.54753,0.106313158,0.106313158
1/14/21,39045.51834,0.046893638,0.046893638
1/15/21,36710.31742,-0.059807143,0.059807143
1/16/21,36177.2611,-0.014520613,0.014520613
1/17/21,36069.93947,-0.002966549,0.002966549
1/18/21,36594.2964,0.014537228,0.014537228
1/19/21,36250.14619,-0.009404477,0.009404477
1/20/21,35515.48001,-0.020266571,0.020266571
1/21/21,31022.95103,-0.126494953,0.126494953
1/22/21,32986.43576,0.063291359,0.063291359
1/23/21,32036.28227,-0.02880437,0.02880437
1/24/21,32216.10429,0.005613074,0.005613074
1/25/21,32419.70595,0.006319872,0.006319872
1/26/21,32640.63914,0.006814781,0.006814781
1/27/21,30358.93472,-0.069903791,0.069903791
1/28/21,33511.2876,0.103836083,0.103836083
1/29/21,34166.14943,0.01954153,0.01954153
1/30/21,34349.9171,0.005378647,0.005378647
1/31/21,33157.83257,-0.034704145,0.034704145
2/1/21,33570.27185,0.012438668,0.012438668
2/2/21,35596.14891,0.060347354,0.060347354
2/3/21,37578.37321,0.055686482,0.055686482
2/4/21,37129.20294,-0.011952893,0.011952893
2/5/21,38045.41361,0.024676282,0.024676282
2/6/21,39341.72708,0.034072792,0.034072792
2/7/21,39003.01218,-0.008609558,0.008609558
2/8/21,46121.93407,0.182522362,0.182522362
2/9/21,46548.16199,0.009241328,0.009241328
2/10/21,45078.12835,-0.031580917,0.031580917
2/11/21,47892.84092,0.062440759,0.062440759
2/12/21,47525.20914,-0.007676132,0.007676132
2/13/21,47208.62503,-0.006661393,0.006661393
2/14/21,48829.82751,0.034341235,0.034341235
2/15/21,48110.24173,-0.014736603,0.014736603
2/16/21,49140.38266,0.021412092,0.021412092
2/17/21,52224.93911,0.062770298,0.062770298
2/18/21,51650.06995,-0.01100756,0.01100756
2/19/21,55820.5044,0.080744023,0.080744023
2/20/21,55861.82057,0.000740161,0.000740161
2/21/21,57500.71611,0.029338384,0.029338384
2/22/21,53952.15334,-0.061713367,0.061713367
2/23/21,48560.48904,-0.099934182,0.099934182
2/24/21,49567.34569,0.020734072,0.020734072
2/25/21,47568.13117,-0.040333298,0.040333298